{
  "dream": {
    "lambda": [
      0.01,
      0.05,
      0.1,
      0.5,
      1.0,
      1.5,
      2.0,
      2.5,
      3.0,
      3.5,
      4.0,
      4.5,
      5.0,
      5.5,
      6.0,
      6.5,
      7.0,
      7.5,
      8.0,
      8.5,
      9.0,
      9.5,
      10.0,
      10.5,
      11.0,
      11.5,
      12.0,
      12.5,
      13.0,
      13.5,
      14.0,
      14.5,
      15.0,
      15.5,
      16.0,
      16.5,
      17.0,
      17.5,
      18.0,
      18.5,
      19.0,
      19.5,
      20.0,
      20.5,
      21.0,
      21.5,
      22.0,
      22.5,
      23.0,
      23.5,
      24.0,
      24.5,
      25.0,
      25.5,
      26.0,
      26.5,
      27.0,
      27.5,
      28.0,
      28.5,
      29.0,
      29.5,
      30.0,
      30.5,
      31.0,
      31.5,
      32.0,
      32.5,
      33.0,
      33.5,
      34.0,
      34.5,
      35.0,
      35.5,
      36.0,
      36.5,
      37.0,
      37.5,
      38.0,
      38.5,
      39.0,
      39.5,
      40.0,
      40.5,
      41.0,
      41.5,
      42.0,
      42.5,
      43.0,
      43.5,
      44.0,
      44.5,
      45.0,
      45.5,
      46.0,
      46.5,
      47.0,
      47.5,
      48.0,
      48.5,
      49.0,
      49.5,
      50.0
    ],
    "ppl": [
      3.38735564023903,
      3.3875650557196044,
      3.3879839545337807,
      3.3936738991644066,
      3.400205511760135,
      3.4050271723966756,
      3.408582519780949,
      3.411625030582717,
      3.414192475190327,
      3.416561601680184,
      3.4190186724803575,
      3.4209442355801567,
      3.422782720174284,
      3.424791832065209,
      3.4265373607243306,
      3.4283189179845572,
      3.4297456826149295,
      3.4314876082782346,
      3.4330850205613133,
      3.4346176237026933,
      3.435893072008196,
      3.4374383215970394,
      3.438749528448593,
      3.4403341538284393,
      3.4420479109854685,
      3.4435253631852354,
      3.4447496068812655,
      3.4465355732312877,
      3.447800179979887,
      3.4490435107328508,
      3.450194188175317,
      3.451903236332164,
      3.4536281146005736,
      3.4549477169073506,
      3.456187181394747,
      3.4573704893586474,
      3.4585930828690232,
      3.4599328965574174,
      3.4613006704432903,
      3.462824663035346,
      3.464674759996781,
      3.4657167368874946,
      3.4672943455856577,
      3.468278211785652,
      3.4696805438975007,
      3.4711254381785737,
      3.4728328660050987,
      3.474515213995207,
      3.4758303291812056,
      3.477204207125528,
      3.478572225960834,
      3.479836439161867,
      3.4814030312423134,
      3.482804493478336,
      3.48405749328787,
      3.4852273582097517,
      3.486063675285022,
      3.4873118805995578,
      3.4885272219782406,
      3.489724460168904,
      3.491123692754408,
      3.4926472958700803,
      3.493720121461698,
      3.4950864588989563,
      3.4966669255666822,
      3.498491880266915,
      3.499593915230267,
      3.501412494459936,
      3.502209926321599,
      3.5037567216024326,
      3.5053947914202244,
      3.50663280385281,
      3.5084925481578457,
      3.509718505821377,
      3.5108368519742648,
      3.512070273470938,
      3.5138824270188023,
      3.5152564807024684,
      3.5166728963889247,
      3.5178423501214535,
      3.5190006203178155,
      3.5200915667392403,
      3.5213926662036594,
      3.5226789750649132,
      3.5235851183348132,
      3.5250741693312824,
      3.5263504440866726,
      3.5280246985675348,
      3.528797860757942,
      3.53020921867965,
      3.531574522036753,
      3.532466750007556,
      3.533337079091922,
      3.5350039647338822,
      3.536307570010646,
      3.5373044707774266,
      3.538601607624978,
      3.5399153684645266,
      3.5416391420856312,
      3.5434488936362847,
      3.544194332436284,
      3.5457355284852006,
      3.5467357418368355
    ],
    "compute": [
      0.1142769199128424,
      0.10643523768231945,
      0.10075234569548204,
      0.07895252467982924,
      0.06978860948061189,
      0.06583580687477766,
      0.0637812388829598,
      0.06242009627356813,
      0.06147931674670935,
      0.060749066168623266,
      0.06008968672180719,
      0.05963666733368908,
      0.05924826574172892,
      0.05886403303984347,
      0.0585597040643899,
      0.05827344027926005,
      0.05806152170046247,
      0.05782111570615439,
      0.057615450462468874,
      0.05742993485414443,
      0.057284718516542155,
      0.057117962913553894,
      0.056983168801138386,
      0.056828919868374246,
      0.056669807230522944,
      0.056538487193169694,
      0.05643426494130203,
      0.0562883537886873,
      0.05618899524190679,
      0.0560951952152259,
      0.05601181741373177,
      0.05589161441657773,
      0.05577488549448595,
      0.05568803361792956,
      0.05560951952152259,
      0.05553656394521522,
      0.05546360836890786,
      0.05538578908751334,
      0.05530866462113127,
      0.05522528681963714,
      0.05512662308786909,
      0.0550724275168979,
      0.05499252379046603,
      0.05494388673959445,
      0.054876489683386695,
      0.05480839781216649,
      0.054729883715759514,
      0.05465414887940235,
      0.05459647923336891,
      0.05453741995731057,
      0.05447975031127712,
      0.054427639185343296,
      0.054364411019210246,
      0.05430882581821416,
      0.054260188767342586,
      0.05421572060654571,
      0.054184453930985414,
      0.05413859614016364,
      0.05409482279437922,
      0.05405243907861971,
      0.054003802027748134,
      0.0539516909018143,
      0.05391556052116685,
      0.05387039754535752,
      0.053818981234436146,
      0.05376061677339025,
      0.053725876022767696,
      0.05366959600675916,
      0.053645277481323375,
      0.05359872487548915,
      0.05355008782461757,
      0.05351395744397012,
      0.05346045668801138,
      0.05342571593738883,
      0.05339444926182853,
      0.05336040332621843,
      0.0533110714603344,
      0.053274246264674495,
      0.05323672625400214,
      0.05320615439345429,
      0.05317627734791889,
      0.05314848474742084,
      0.05311582844183565,
      0.053083866951262895,
      0.05306163287086446,
      0.05302550249021701,
      0.05299493062966916,
      0.05295532617395945,
      0.052937260983635714,
      0.05290460467805051,
      0.052873338002490215,
      0.052853188367129135,
      0.052833733546780504,
      0.052796908351120594,
      0.0527684209356101,
      0.05274688167022412,
      0.052719089069726076,
      0.05269129646922803,
      0.05265516608858058,
      0.05261764607790822,
      0.052602360147634294,
      0.052571093472074,
      0.05255094383671292
    ],